{
  "Buy & Hold": {
    "cr": 0.2846851107587824,
    "sharpe": 4.16629426749173,
    "mdd": -0.03866995031635564,
    "trades": 5,
    "transaction_costs": 200.0
  },
  "MACD": {
    "cr": 0.2846851107587824,
    "sharpe": 4.16629426749173,
    "mdd": -0.03866995031635564,
    "trades": 5,
    "transaction_costs": 200.0
  },
  "SMA": {
    "cr": 0.16838007782977293,
    "sharpe": 3.858672901613539,
    "mdd": -0.02318064197423632,
    "trades": 8,
    "transaction_costs": 335.9766511924755
  },
  "ZMR": {
    "cr": 0.27772264542784236,
    "sharpe": 4.560823566389732,
    "mdd": -0.03866995031635564,
    "trades": 6,
    "transaction_costs": 254.8661531994048
  },
  "KDJ+RSI": {
    "cr": 0.07056925765725944,
    "sharpe": 3.135149958433055,
    "mdd": -0.02455715610958534,
    "trades": 9,
    "transaction_costs": 377.8735209841304
  },
  "Quant-Only": {
    "cr": 0.0032741553330523313,
    "sharpe": -0.27013838723086636,
    "mdd": -0.009231204058693715,
    "trades": 146,
    "transaction_costs": 400.75184699902
  }
}