{
  "Quant-Only": {
    "cr": 0.0072829334362837835,
    "ar": 0.03127727810549952,
    "sharpe": 0.46878379359039063,
    "mdd": -0.009136144244760917,
    "trades": 146
  },
  "LLM Weak": {
    "cr": 0.2866850953198633,
    "ar": 1.9148800089393156,
    "sharpe": 4.201560093162793,
    "mdd": -0.03860218000327293,
    "trades": 5
  },
  "Buy & Hold": {
    "cr": 0.2866850953198633,
    "ar": 1.9148800089393156,
    "sharpe": 4.201560093162793,
    "mdd": -0.03860218000327293,
    "trades": 1
  }
}