{
  "Quant-Only (with costs)": {
    "cr": 0.0038754679064417724,
    "ar": 0.016551906443007303,
    "sharpe": -0.16532788557615313,
    "mdd": -0.009216902625316527,
    "trades": 146,
    "costs": 340.6390970454872
  },
  "LLM Weak (with costs)": {
    "cr": 0.28498512925704533,
    "ar": 1.898570072837098,
    "sharpe": 4.171642119305947,
    "mdd": -0.03865971093147913,
    "trades": 5,
    "costs": 170.0
  },
  "Buy & Hold": {
    "cr": 0.2866851292570453,
    "ar": 1.9148803352404777,
    "sharpe": 4.201559903823812,
    "mdd": -0.038602095292821804,
    "trades": 1,
    "costs": 0.0
  }
}