{
  "Quant-Only (no costs)": {
    "cr": 0.007282931347070116,
    "ar": 0.03127726902726802,
    "sharpe": 0.4687825550615039,
    "mdd": -0.00913615220167324,
    "trades": 146,
    "costs": 0.0
  },
  "Quant-Only (with costs)": {
    "cr": 0.0038754562273650662,
    "ar": 0.0165518562489122,
    "sharpe": -0.16532966995369916,
    "mdd": -0.009216929771588334,
    "trades": 146,
    "costs": 340.6390951217313
  },
  "Buy & Hold": {
    "cr": 0.28668505444604353,
    "ar": 1.914879615943407,
    "sharpe": 4.201560437265202,
    "mdd": -0.03860216816217233,
    "trades": 1,
    "costs": 0.0
  }
}