{
  "buy_hold": {
    "cr": 0.24977366889840297,
    "ar": 1.5761452801718137,
    "sharpe": 3.2116973190575697,
    "mdd": -0.04267701130839952,
    "trades": 10,
    "costs": 289.62792281314245
  },
  "macd": {
    "cr": 0.28498512708464024,
    "ar": 1.8985700520391284,
    "sharpe": 4.171643102009296,
    "mdd": -0.038659799658030555,
    "trades": 5,
    "costs": 170.0
  },
  "kdj_rsi": {
    "cr": 0.07113602876606252,
    "ar": 0.3386472544444057,
    "sharpe": 3.162019124232945,
    "mdd": -0.024544462512915265,
    "trades": 9,
    "costs": 321.1924859536006
  },
  "zmr": {
    "cr": 0.2888783803723115,
    "ar": 1.936026514359516,
    "sharpe": 4.2836967839245155,
    "mdd": -0.038659799658030555,
    "trades": 12,
    "costs": 303.3064282636358
  },
  "sma": {
    "cr": 0.1674630202085634,
    "ar": 0.9292671383467601,
    "sharpe": 3.8718184259464525,
    "mdd": -0.023061675460690326,
    "trades": 9,
    "costs": 308.7190573811535
  },
  "llm_weak": {
    "cr": 0.28498512708464024,
    "ar": 1.8985700520391284,
    "sharpe": 4.171643102009296,
    "mdd": -0.038659799658030555,
    "trades": 5,
    "costs": 170.0
  }
}