{
  "buy_hold": {
    "cr": 0.2497737967944161,
    "ar": 1.5761463990697493,
    "sharpe": 3.211698327014636,
    "mdd": -0.04267696682738609,
    "trades": 10,
    "costs": 289.6279050559574
  },
  "macd": {
    "cr": 0.28498516438017873,
    "ar": 1.8985704090956892,
    "sharpe": 4.171643704541076,
    "mdd": -0.03865979304210763,
    "trades": 5,
    "costs": 170.0
  },
  "kdj_rsi": {
    "cr": 0.07113609836372983,
    "ar": 0.3386476236010312,
    "sharpe": 3.1620240088041567,
    "mdd": -0.02454443500840696,
    "trades": 9,
    "costs": 321.19249540393656
  },
  "zmr": {
    "cr": 0.28887843884584335,
    "ar": 1.9360270796892207,
    "sharpe": 4.28369757222656,
    "mdd": -0.03865979304210763,
    "trades": 12,
    "costs": 303.3064277539486
  },
  "sma": {
    "cr": 0.16746311184382998,
    "ar": 0.9292677810438739,
    "sharpe": 3.871819811975022,
    "mdd": -0.02306166299242428,
    "trades": 9,
    "costs": 308.7190627471032
  }
}